0,sam,"Hello Word Conference",2018-09-22,MMU,Educational,qwe
1,Daniel,"Rock War",2018-09-20,"IOI Putrjaya","Music Fextival",rere
2,Akbar,"YoYo King",2019-06-21,"IOI Putrjaya",Competition,yty
3,Sayfiq,"Health Awareness",2018-09-22,"LKW University",Educational,ty
4,"MMU SPAD","Dance Competition",2018-09-22,"Grand Hall",Competition,lkl
5,Syahir,"Phone Repair",2018-09-20,MMU,"Repair Conference",tertert
6,Wael,testevent,2018-09-12,"Grand Hall",Competition,erere
7,Akbar,werwerwe,2018-09-22,"LKW University",Competition,re34
